{"cameraMode":{"drawMode":0,"name":"Shaded","section":"Shading Mode"},"sceneLighting":true,"audioPlay":false,"sceneViewState":{"showFog":true,"showMaterialUpdate":false,"showSkybox":true,"showFlares":true,"showImageEffects":true,"showParticleSystems":true},"in2DMode":false,"pivot":{"x":-92.26885223388672,"y":117.82229614257813,"z":70.16576385498047},"rotation":{"x":0.3444589674472809,"y":0.6376649737358093,"z":-0.38379397988319399,"w":0.5722768306732178},"size":2.8578836917877199,"orthographic":false}