{"cameraMode":{"drawMode":0,"name":"Shaded","section":"Shading Mode"},"sceneLighting":false,"audioPlay":false,"sceneViewState":{"showFog":true,"showMaterialUpdate":false,"showSkybox":false,"showFlares":true,"showImageEffects":true,"showParticleSystems":true},"in2DMode":false,"pivot":{"x":2.717602252960205,"y":12.598976135253907,"z":4.7175445556640629},"rotation":{"x":-0.29235023260116579,"y":-0.4242451786994934,"z":0.146883025765419,"w":-0.8443854451179504},"size":2.8578836917877199,"orthographic":false}