{"cameraMode":{"drawMode":0,"name":"Shaded","section":"Shading Mode"},"sceneLighting":true,"audioPlay":false,"sceneViewState":{"showFog":true,"showMaterialUpdate":false,"showSkybox":true,"showFlares":true,"showImageEffects":true,"showParticleSystems":true},"in2DMode":false,"pivot":{"x":318.0290222167969,"y":-124.62848663330078,"z":293.6766052246094},"rotation":{"x":-0.18104667961597444,"y":-0.46616873145103457,"z":0.09792918711900711,"w":-0.8604710102081299},"size":446.0233459472656,"orthographic":false}