{"cameraMode":{"drawMode":0,"name":"Shaded","section":"Shading Mode"},"sceneLighting":false,"audioPlay":false,"sceneViewState":{"showFog":true,"showMaterialUpdate":false,"showSkybox":false,"showFlares":true,"showImageEffects":true,"showParticleSystems":true},"in2DMode":false,"pivot":{"x":-0.9291561841964722,"y":0.836051344871521,"z":2.044994592666626},"rotation":{"x":0.15052290260791779,"y":0.8341260552406311,"z":-0.2776322364807129,"w":0.4522237479686737},"size":6.457885265350342,"orthographic":false}