{"cameraMode":{"drawMode":0,"name":"Shaded","section":"Shading Mode"},"sceneLighting":true,"audioPlay":false,"sceneViewState":{"showFog":true,"showMaterialUpdate":false,"showSkybox":true,"showFlares":true,"showImageEffects":true,"showParticleSystems":true},"in2DMode":false,"pivot":{"x":-19.68498992919922,"y":-51.45431900024414,"z":-0.41647469997406008},"rotation":{"x":0.629802942276001,"y":-0.004661911632865667,"z":0.003781901905313134,"w":0.7767381072044373},"size":233.35108947753907,"orthographic":false}