{"cameraMode":{"drawMode":0,"name":"Shaded","section":"Shading Mode"},"sceneLighting":false,"audioPlay":false,"sceneViewState":{"showFog":true,"showMaterialUpdate":false,"showSkybox":true,"showFlares":true,"showImageEffects":true,"showParticleSystems":true},"in2DMode":false,"pivot":{"x":101.56693267822266,"y":72.89479064941406,"z":178.29519653320313},"rotation":{"x":-0.05895489081740379,"y":0.9367988109588623,"z":-0.2854950726032257,"w":-0.1935163289308548},"size":22.0,"orthographic":false}