{"cameraMode":{"drawMode":0,"name":"Shaded","section":"Shading Mode"},"sceneLighting":false,"audioPlay":false,"sceneViewState":{"showFog":true,"showMaterialUpdate":false,"showSkybox":false,"showFlares":true,"showImageEffects":true,"showParticleSystems":true},"in2DMode":false,"pivot":{"x":2.7978951930999758,"y":1.9575053453445435,"z":3.531736135482788},"rotation":{"x":-0.013590190559625626,"y":0.9856638312339783,"z":-0.09821253269910813,"w":-0.13659264147281648},"size":7.346774101257324,"orthographic":false}