{"cameraMode":{"drawMode":0,"name":"Shaded","section":"Shading Mode"},"sceneLighting":false,"audioPlay":false,"sceneViewState":{"showFog":true,"showMaterialUpdate":false,"showSkybox":false,"showFlares":true,"showImageEffects":true,"showParticleSystems":true},"in2DMode":false,"pivot":{"x":1050.806396484375,"y":621.533203125,"z":541.7064208984375},"rotation":{"x":-0.17820610105991364,"y":0.49969953298568728,"z":-0.10590837150812149,"w":-0.8410597443580627},"size":28.2900447845459,"orthographic":false}