{"cameraMode":{"drawMode":0,"name":"Shaded","section":"Shading Mode"},"sceneLighting":false,"audioPlay":false,"sceneViewState":{"showFog":true,"showMaterialUpdate":false,"showSkybox":true,"showFlares":true,"showImageEffects":true,"showParticleSystems":true},"in2DMode":false,"pivot":{"x":110.4045181274414,"y":86.27996063232422,"z":183.86065673828126},"rotation":{"x":-0.0022089520934969188,"y":0.971021831035614,"z":-0.009044313803315163,"w":-0.23886165022850038},"size":22.0,"orthographic":false}