{"cameraMode":{"drawMode":0,"name":"Shaded","section":"Shading Mode"},"sceneLighting":false,"audioPlay":false,"sceneViewState":{"showFog":true,"showMaterialUpdate":false,"showSkybox":true,"showFlares":true,"showImageEffects":true,"showParticleSystems":true},"in2DMode":false,"pivot":{"x":103.5577163696289,"y":67.46856689453125,"z":122.6505126953125},"rotation":{"x":-0.01810419000685215,"y":-0.1488337367773056,"z":0.0027551681268960239,"w":-0.9887291193008423},"size":233.35108947753907,"orthographic":false}